"8260774743833365851";"14076813763086182113"
"13750582598029210497";"14076813763086182113"
"13173903118928833375";"14076813763086182113"
"15219405186207833740";"14076813763086182113"
"12831623505842208445";"14076813763086182113"
"2039728456314886960";"14076813763086182113"
"10158560867196136792";"14076813763086182113"
"12937779959136052547";"14076813763086182113"
"6827533071135660122";"14076813763086182113"
"7839555049997974898";"14076813763086182113"
"317273575007698008";"14076813763086182113"
"7170055410422482358";"14076813763086182113"
"6515534618277477813";"14076813763086182113"
"14319009503855170178";"14076813763086182113"
"10186889259463251311";"14076813763086182113"
"5407559343841027714";"14076813763086182113"
"3186988855206066763";"14076813763086182113"
"14044444641315318390";"14076813763086182113"
"17124425027726832244";"14076813763086182113"
"13527226862133903739";"14076813763086182113"
"16991737475689113030";"14076813763086182113"
"4688857172311962260";"14076813763086182113"
"16750743470239222437";"14076813763086182113"
"4179267081752101441";"14076813763086182113"
"7939274245646970398";"14076813763086182113"
"10367038008427189830";"14076813763086182113"
"5675494933339339942";"14076813763086182113"
"1338971012176245745";"14076813763086182113"
"3422949671249279162";"14076813763086182113"
"7914819693714968597";"14076813763086182113"
"1332988796974631405";"14076813763086182113"
"15487987151906728298";"14076813763086182113"
"814537455034743073";"14076813763086182113"
"17490427911055373806";"14076813763086182113"
"16278166538388852860";"14076813763086182113"
"10674658190178902563";"14076813763086182113"
"13282562606891430";"14076813763086182113"
"6054463402978875370";"14076813763086182113"
"5565924910026583773";"14076813763086182113"
"17601993526949943822";"14076813763086182113"
"12695061017301272442";"14076813763086182113"
"17916853116382935407";"14076813763086182113"
"2597227311313605767";"14076813763086182113"
"17027787040153054515";"14076813763086182113"
"5721444975329154492";"14076813763086182113"
"1297391013783311070";"14076813763086182113"
"10413458394562744363";"14076813763086182113"
"2558168440640925519";"14076813763086182113"
"6998285213783866294";"14076813763086182113"
"16575398861634050183";"14076813763086182113"
"7907362152487136299";"14076813763086182113"
"6144534880913851191";"14076813763086182113"
"8299905310328819484";"14076813763086182113"
"10768331803027339416";"14076813763086182113"
"2555019428611930579";"14076813763086182113"
"8941430116733372152";"14076813763086182113"
"10634259990675773407";"14076813763086182113"
"7577369140227458289";"14076813763086182113"
"18418725136906503772";"14076813763086182113"
"18083685670611342751";"14076813763086182113"
"401657440654580950";"14076813763086182113"
"18267670641420589308";"14076813763086182113"
"1749568205014834669";"14076813763086182113"
"10448500740149296561";"14076813763086182113"
"966456966345783463";"14076813763086182113"
"17269053867172394324";"14076813763086182113"
"6804109005466575869";"14076813763086182113"
"1399630604579881144";"14076813763086182113"
"7167654371478713503";"14076813763086182113"
"6147078893347013555";"14076813763086182113"
"17247857178580627869";"14076813763086182113"
"10926031923526671522";"14076813763086182113"
"11007667747012204044";"14076813763086182113"
"15743629270793091042";"14076813763086182113"
"12550815734119849521";"14076813763086182113"
"11367012268072733708";"14076813763086182113"
"4442498681099373706";"14076813763086182113"
"2151253116682462197";"14076813763086182113"
"9064519015549950363";"14076813763086182113"
"17225126758741892501";"14076813763086182113"
"10344956352950584379";"14076813763086182113"
"17873030338196221755";"14076813763086182113"
"7660964596491547189";"14076813763086182113"
"2806033087214308408";"14076813763086182113"
"8761722286103029606";"14076813763086182113"
"2918269908298276585";"14076813763086182113"
"16508477386033145632";"14076813763086182113"
"3571824281258346603";"14076813763086182113"
"532891997342277195";"14076813763086182113"
"173157738610107786";"14076813763086182113"
"1290630960418307593";"14076813763086182113"
"3966970965734390372";"14076813763086182113"
"8878440343302306450";"14076813763086182113"
"3056130244595873613";"14076813763086182113"
"1813218311546121022";"14076813763086182113"
"6809786542765762887";"14076813763086182113"
"5707108692659157057";"14076813763086182113"
"5211339937252434086";"14076813763086182113"
"2180792456320483012";"14076813763086182113"
"8076311568555285159";"14076813763086182113"
"1654821070819433206";"14076813763086182113"
"13268756642925263800";"14076813763086182113"
"2980086366434851435";"14076813763086182113"
"17627972673190633662";"14076813763086182113"
"14950601806648403587";"14076813763086182113"
"16883123143056801962";"14076813763086182113"
"7287181666209200520";"14076813763086182113"
"6367680361633093193";"14076813763086182113"
"8196709123433906477";"14076813763086182113"
"9879786856966054001";"14076813763086182113"
"14945277309422905871";"14076813763086182113"
"998560717867495304";"14076813763086182113"
"6657947363960065444";"14076813763086182113"
"13704374331766686353";"14076813763086182113"
"16069221589494731312";"14076813763086182113"
"7050039600223151360";"14076813763086182113"
"17558005974219437179";"14076813763086182113"
"9389837814977749775";"14076813763086182113"
"6372192388050530503";"14076813763086182113"
"6101407812883733700";"14076813763086182113"
"13625936976186709373";"14076813763086182113"
"16322251412814358968";"14076813763086182113"
"18410240927525753840";"14076813763086182113"
"7043670411733326319";"14076813763086182113"
"9726002580182044672";"14076813763086182113"
"9910280002827682059";"14076813763086182113"
"1298322839753463239";"14076813763086182113"
"15255275344240759817";"14076813763086182113"
"385113902213105573";"14076813763086182113"
"16049979590566683342";"14076813763086182113"
"5507786990051764977";"14076813763086182113"
"17266836837569078160";"14076813763086182113"
"11498252158818214192";"14076813763086182113"
"11843964209482313296";"14076813763086182113"
"16877369980348587446";"14076813763086182113"
"6414843152374950556";"14076813763086182113"
"8079560448695179699";"14076813763086182113"
"5427020328056088541";"14076813763086182113"
"2829165565415280570";"14076813763086182113"
"8169286237899059397";"14076813763086182113"
"10373242494327752049";"14076813763086182113"
"15007231036342430081";"14076813763086182113"
"6710519202148309843";"14076813763086182113"
"545531978194693016";"14076813763086182113"
"4091449355226179102";"14076813763086182113"
"3935504251742606162";"14076813763086182113"
"4413200877319878282";"14076813763086182113"
"5013844012188555573";"14076813763086182113"
"16832975692278162689";"14076813763086182113"
"1441944168536777582";"14076813763086182113"
"11370456645987719174";"14076813763086182113"
"1244859279975364799";"14076813763086182113"
"6131695606595953530";"14076813763086182113"
"8738892105804407624";"14076813763086182113"
"2756915294001729238";"14076813763086182113"
"18169992319770697764";"14076813763086182113"
"2319089531380053203";"14076813763086182113"
"14529595120518607980";"14076813763086182113"
"6761350468372020375";"14076813763086182113"
"14814391172821725446";"14076813763086182113"
"15254993937722330177";"14076813763086182113"
"16412060525204300474";"14076813763086182113"
"10278382430101989719";"14076813763086182113"
"16050976058960604950";"14076813763086182113"
"469145027735244175";"14076813763086182113"
"13646524140843817668";"14076813763086182113"
"5439288501609412279";"14076813763086182113"
"13393290260404221039";"14076813763086182113"
"5402192390362189339";"14076813763086182113"
"3829419329102047479";"14076813763086182113"
"10926409138350230574";"14076813763086182113"
"5596942348460831027";"14076813763086182113"
"3210878504475161354";"14076813763086182113"
"16941605786605244496";"14076813763086182113"
"12673604310264148100";"14076813763086182113"
"7623709137007960863";"14076813763086182113"
"640118540281727455";"14076813763086182113"
"15398423780008898232";"14076813763086182113"
"8703676035462970269";"14076813763086182113"
"11993331599261692484";"14076813763086182113"
"14664921120097226223";"14076813763086182113"
"15005790681115811189";"14076813763086182113"
"3509830122995859343";"14076813763086182113"
"1002044061210939870";"14076813763086182113"
"1592708129656637594";"14076813763086182113"
"13209578549243849257";"14076813763086182113"
"2508831553831814166";"14076813763086182113"
"2834774889051604481";"14076813763086182113"
"9498789230290044377";"14076813763086182113"
"7929015732529872896";"14076813763086182113"
"207376018942168895";"14076813763086182113"
"7498014251319119035";"14076813763086182113"
"10348829835907059900";"14076813763086182113"
"14717853147189299805";"14076813763086182113"
"3233697230684837044";"14076813763086182113"
"12242682362501355789";"14076813763086182113"
"10050168131659821351";"14076813763086182113"
"2641796396471210888";"14076813763086182113"
"15567766839999218561";"14076813763086182113"
"16433013450520137978";"14076813763086182113"
"1030336727816248833";"14076813763086182113"
"14733957866215246745";"14076813763086182113"
"10994943529129071800";"14076813763086182113"
"10037174119246440739";"14076813763086182113"
"16292854832362454734";"14076813763086182113"
"4696232666873539249";"14076813763086182113"
"14250234455641721124";"14076813763086182113"
"7584417806066311130";"14076813763086182113"
"8727279378535418395";"14076813763086182113"
"2320189654644615616";"14076813763086182113"
"12561013931811860007";"14076813763086182113"
"4223638368979405311";"14076813763086182113"
"5490898748056239371";"14076813763086182113"
"17444188982831225587";"14076813763086182113"
"8364431317729174056";"14076813763086182113"
"1545423335844200963";"14076813763086182113"
"9500010518278649173";"14076813763086182113"
"1052534091874875752";"14076813763086182113"
"14246646705131852616";"14076813763086182113"
"17339205602802793906";"14076813763086182113"
"5870589580018203360";"14076813763086182113"
"10538044003538952059";"14076813763086182113"
"4863660113049197473";"14076813763086182113"
"8078692245015036427";"14076813763086182113"
"17308864080571168010";"14076813763086182113"
"5865167343391970163";"14076813763086182113"
"15400702050174376762";"14076813763086182113"
"3770965001587867536";"14076813763086182113"
"7184039251203835226";"14076813763086182113"
"1615666336926395977";"14076813763086182113"
"1111632047427303221";"14076813763086182113"
"3367109984415171868";"14076813763086182113"
"11946149468782139800";"14076813763086182113"
"523870585922006367";"14076813763086182113"
"13336067511598678325";"14076813763086182113"
"9017954077591475966";"14076813763086182113"
"8096702421438163003";"14076813763086182113"
"4161350727161548811";"14076813763086182113"
"7817123118894898460";"14076813763086182113"
"6478827753536731363";"14076813763086182113"
"2195115703797268837";"14076813763086182113"
"16138954967283411940";"14076813763086182113"
"7858253128243999140";"14076813763086182113"
"13811095492503162320";"14076813763086182113"
"3608871531937503957";"14076813763086182113"
"6744524704500112651";"14076813763086182113"
"3445684064182307563";"14076813763086182113"
"2235761863860405470";"14076813763086182113"
"6840504980569978926";"14076813763086182113"
"676328253714374712";"14076813763086182113"
"17623448699602787018";"14076813763086182113"
"2089873135697503951";"14076813763086182113"
"12170887801389116461";"14076813763086182113"
"7628735846089329434";"14076813763086182113"
"12526420939608123279";"14076813763086182113"
"18386625804483054886";"14076813763086182113"
"15535489262955209135";"14076813763086182113"
"2983482256349515936";"14076813763086182113"
"7301927131588407878";"14076813763086182113"
"16912935561853367604";"14076813763086182113"
"7424169324801648957";"14076813763086182113"
"15315361671687720294";"14076813763086182113"
"13074840402105092039";"14076813763086182113"
"12017312668966446782";"14076813763086182113"
"6459060540473482773";"14076813763086182113"
"3528522379027870022";"14076813763086182113"
"318644950813397388";"14076813763086182113"
"7158408450265643818";"14076813763086182113"
"7167991830041674038";"14076813763086182113"
"10773625730035425170";"14076813763086182113"
"2925497822999266831";"14076813763086182113"
"9148015984697429572";"14076813763086182113"
"7745894097306136627";"14076813763086182113"
"11936665713937296151";"14076813763086182113"
"16368311614974574788";"14076813763086182113"
"7678827829085716594";"14076813763086182113"
"13041696404137488321";"14076813763086182113"
"12242664707630487300";"14076813763086182113"
"16990136578587038979";"14076813763086182113"
"15951355881038277574";"14076813763086182113"
"3626810661590538058";"14076813763086182113"
"12462321787823490612";"14076813763086182113"
"6680713279816544077";"14076813763086182113"
"7399482787388504564";"14076813763086182113"
"17043284951699694083";"14076813763086182113"
"6381360511380490391";"14076813763086182113"
"12885956613866208456";"14076813763086182113"
"3525754697662819418";"14076813763086182113"
"4989812212403762183";"14076813763086182113"
"15295033552399245159";"14076813763086182113"
"17982914671885099509";"14076813763086182113"
"4862331548185943939";"14076813763086182113"
"7239707770391476422";"14076813763086182113"
"13684984075002679808";"14076813763086182113"
"7739159454534429920";"14076813763086182113"
"16069688916409331429";"14076813763086182113"
"7004828261426902384";"14076813763086182113"
"7564558883335743996";"14076813763086182113"
"2306097637854815486";"14076813763086182113"
"14207614829695894788";"14076813763086182113"
"14474656554622735199";"14076813763086182113"
"12976747871834576639";"14076813763086182113"
"6814986126790755226";"14076813763086182113"
"9477730817985987119";"14076813763086182113"
"10145172371604719197";"14076813763086182113"
"3230529373771082113";"14076813763086182113"
"333631459043701489";"14076813763086182113"
"736123284958241287";"14076813763086182113"
"4271541285344229137";"14076813763086182113"
"15121621898325960303";"14076813763086182113"
"3911873190463315150";"14076813763086182113"
"7415229286913108644";"14076813763086182113"
"13341685643568399463";"14076813763086182113"
"7480263095825746034";"14076813763086182113"
"477368284676765458";"14076813763086182113"
"2472626394672959235";"14076813763086182113"
"14841995840004480666";"14076813763086182113"
"12291851727320524270";"14076813763086182113"
"39253129762220637";"14076813763086182113"
"17054412543818340783";"14076813763086182113"
"6743569391152670534";"14076813763086182113"
"17105838655967345851";"14076813763086182113"
"10337765458469037760";"14076813763086182113"
"8602818052329767430";"14076813763086182113"
"5353451117988919766";"14076813763086182113"
"1226087301526211007";"14076813763086182113"
"16393894522462739666";"14076813763086182113"
"13771661687057499339";"14076813763086182113"
"5482942229914009047";"14076813763086182113"
"1795540524432545140";"14076813763086182113"
"5307438539568396351";"14076813763086182113"
"4518200451496032380";"14076813763086182113"
"17303845251728103746";"14076813763086182113"
"2862241270461007446";"14076813763086182113"
"11679631019073784291";"14076813763086182113"
"11205626161383303540";"14076813763086182113"
"15223136642774173927";"14076813763086182113"
"9866553145210418256";"14076813763086182113"
"13651487479342267315";"14076813763086182113"
"10204558508604018570";"14076813763086182113"
"4044128421517943214";"14076813763086182113"
"16522236950557371203";"14076813763086182113"
"3499534280727969953";"14076813763086182113"
"18168807674253384557";"14076813763086182113"
"9595309361038167632";"14076813763086182113"
"6403361587572291892";"14076813763086182113"
"11054301228358804181";"14076813763086182113"
"9395675791513415921";"14076813763086182113"
"13134172164558544664";"14076813763086182113"
"14429934387255429756";"14076813763086182113"
"6969636615757314288";"14076813763086182113"
"3144621889716021208";"14076813763086182113"
"12276751753019390711";"14076813763086182113"
"913146586063716765";"14076813763086182113"
"3449394561847421008";"14076813763086182113"
"11102010226493510396";"14076813763086182113"
"5413160784825122782";"14076813763086182113"
"1568963604472591385";"14076813763086182113"
"7645007244068690999";"14076813763086182113"
"11941168631550355328";"14076813763086182113"
"4375315347220265389";"14076813763086182113"
"16437739491265280067";"14076813763086182113"
"8017611587023999931";"14076813763086182113"
"18216628397567330079";"14076813763086182113"
"2020983470153812585";"14076813763086182113"
"8335753290252009784";"14076813763086182113"
"8683508513575144855";"14076813763086182113"
"12118976204077467440";"14076813763086182113"
"12270035339085328522";"14076813763086182113"
"15638566289033147231";"14076813763086182113"
"6778908821492339536";"14076813763086182113"
"7664650865613600127";"14076813763086182113"
"17592180731817059740";"14076813763086182113"
"6607105031232840804";"14076813763086182113"
"14011906218718700884";"14076813763086182113"
"12780058765065203251";"14076813763086182113"
"5405189106332650940";"14076813763086182113"
"2563225757569900840";"14076813763086182113"
"12586962959649975447";"14076813763086182113"
"13967237911308959355";"14076813763086182113"
"8541815928022313380";"14076813763086182113"
"14631445837289770074";"14076813763086182113"
"3505107895586811113";"14076813763086182113"
"2709677607994243147";"14076813763086182113"
"10639316336478996334";"14076813763086182113"
"13006977096202949807";"14076813763086182113"
"1496240267171148433";"14076813763086182113"
"10099007305032547854";"14076813763086182113"
"5020519643429587583";"14076813763086182113"
"819895502950863568";"14076813763086182113"
"12131272243398787385";"14076813763086182113"
"7721850890859714563";"14076813763086182113"
"13198630669510161597";"14076813763086182113"
"10913789056176986926";"14076813763086182113"
"18032171319084623489";"14076813763086182113"
"14281433141701884812";"14076813763086182113"
"6691339618014678665";"14076813763086182113"
"4692867400146880751";"14076813763086182113"
"4484066961474796962";"14076813763086182113"
"4437768129933341751";"14076813763086182113"
"1171296718462279384";"14076813763086182113"
"6155053961911919813";"14076813763086182113"
"9976683590519324197";"14076813763086182113"
"14341450569351570082";"14076813763086182113"
"18027736084554013403";"14076813763086182113"
"17698633589491270702";"14076813763086182113"
"8677365340463565297";"14076813763086182113"
"13143741405006774377";"14076813763086182113"
"7774820142589869902";"14076813763086182113"
"15630965115316202471";"14076813763086182113"
"11287513474755329218";"14076813763086182113"
"6187423865098949792";"14076813763086182113"
"891977538718279023";"14076813763086182113"
"4251781961864450614";"14076813763086182113"
"14355184965876529899";"14076813763086182113"
"5624406240588970630";"14076813763086182113"
"1754469898257054229";"14076813763086182113"
"200038599905878372";"14076813763086182113"
"7387359878504582245";"14076813763086182113"
"13650807534664778405";"14076813763086182113"
"10609207229042467280";"14076813763086182113"
"5913243414357546525";"14076813763086182113"
"16248527397377474138";"14076813763086182113"
"13540650805265985603";"14076813763086182113"
"14519551627938236698";"14076813763086182113"
"5481756754564454026";"14076813763086182113"
"14333292182183258839";"14076813763086182113"
"15923587716919604967";"14076813763086182113"
"6301523238522406754";"14076813763086182113"
"383114373472326158";"14076813763086182113"
"3974972297842794095";"14076813763086182113"
"7120573784431477121";"14076813763086182113"
"14911634947164373405";"14076813763086182113"
"5987793875050685445";"14076813763086182113"
"10396912706649445236";"14076813763086182113"
"4118706681511591597";"14076813763086182113"
"17172033702428735359";"14076813763086182113"
"13423238821325270653";"14076813763086182113"
"234990851111465841";"14076813763086182113"
"5016350963555386824";"14076813763086182113"
"13436469909761454924";"14076813763086182113"
"4660318936972787737";"14076813763086182113"
"3324235815798112182";"14076813763086182113"
"7361089442701201039";"14076813763086182113"
"8628175510828599479";"14076813763086182113"
"11753355881568148886";"14076813763086182113"
"10054510860386068990";"14076813763086182113"
"167168105466035222";"14076813763086182113"
"1647230632590889365";"14076813763086182113"
"3710237387374606642";"14076813763086182113"
"12629859806791658265";"14076813763086182113"
"17723993869031743605";"14076813763086182113"
"4940097872092081590";"14076813763086182113"
"1184519125600581902";"14076813763086182113"
"7031067583856971489";"14076813763086182113"
"11715917274189932620";"14076813763086182113"
"18414640616966639925";"14076813763086182113"
"7423692862579007460";"14076813763086182113"
"7027322662982239652";"14076813763086182113"
"4788521971233003848";"14076813763086182113"
"6844430272337435005";"14076813763086182113"
"6239429236168127693";"14076813763086182113"
"17064493051518985410";"14076813763086182113"
"3708335400152985257";"14076813763086182113"
"7256370809512164343";"14076813763086182113"
"11166867053523084405";"14076813763086182113"
"13331192158474154622";"14076813763086182113"
"17025107664258271394";"14076813763086182113"
"10762575956442196472";"14076813763086182113"
"4149982735089111409";"14076813763086182113"
"13752044820978190341";"14076813763086182113"
"15766207108754353102";"14076813763086182113"
"10480735005314079711";"14076813763086182113"
"16846475379289970031";"14076813763086182113"
"11585828385198615106";"14076813763086182113"
"10743355738445486578";"14076813763086182113"
"10778770606857477391";"14076813763086182113"
"11651547206930262701";"14076813763086182113"
"16757318871476164378";"14076813763086182113"
"2752472372613217562";"14076813763086182113"
"15661300072867196658";"14076813763086182113"
"5538462910937151567";"14076813763086182113"
"1005955079775955535";"14076813763086182113"
"18190115883989900958";"14076813763086182113"
"8986378912904179156";"14076813763086182113"
"3406644793249333039";"14076813763086182113"
"10450255860736008727";"14076813763086182113"
"534635614258487126";"14076813763086182113"
"13601284694990669885";"14076813763086182113"
"3330569827114143842";"14076813763086182113"
"16890191458589083538";"14076813763086182113"
"15625382478239832918";"14076813763086182113"
"4885451610597292659";"14076813763086182113"
"9035846371218211865";"14076813763086182113"
"15412293888486861316";"14076813763086182113"
"14110456364721775680";"14076813763086182113"
"11873273434119552521";"14076813763086182113"
"15374127177755927745";"14076813763086182113"
"10446337179868231700";"14076813763086182113"
"16740905784430337899";"14076813763086182113"
"9227037585673470774";"14076813763086182113"
"16237169253274912713";"14076813763086182113"
"1190900225125974742";"14076813763086182113"
"7413971369894972782";"14076813763086182113"
"4926327370893100038";"14076813763086182113"
"6863515390213327097";"14076813763086182113"
"4594009579608539762";"14076813763086182113"
"2762035426020541539";"14076813763086182113"
"9124004704513547669";"14076813763086182113"
"5631033717828204071";"14076813763086182113"
"4459568436719583504";"14076813763086182113"
"5812357588491888712";"14076813763086182113"
"3675449576486530592";"14076813763086182113"
"16004152022890953039";"14076813763086182113"
"17319639124734227193";"14076813763086182113"
"15013047449970874984";"14076813763086182113"
"17128311691625428636";"14076813763086182113"
"124163515829445756";"14076813763086182113"
"14160189805516054855";"14076813763086182113"
"13165641966622312720";"14076813763086182113"
"3417317950905276980";"14076813763086182113"
"6623545118744238969";"14076813763086182113"
"12657391934365658593";"14076813763086182113"
"7882989862336542615";"14076813763086182113"
"16035076276507776108";"14076813763086182113"
"16823451870716823760";"14076813763086182113"
"11633255876612779298";"14076813763086182113"
"16206774592761585865";"14076813763086182113"
"6204293761319402019";"14076813763086182113"
"2199036697468157209";"14076813763086182113"
"2011278370763042917";"14076813763086182113"
"2467319462745353767";"14076813763086182113"
"10750520012376159679";"14076813763086182113"
"10257293164276866866";"14076813763086182113"
"1862734722707488703";"14076813763086182113"
"11949717405327902092";"14076813763086182113"
"8719872162720058442";"14076813763086182113"
"11700008654680520748";"14076813763086182113"
"2077572711003155085";"14076813763086182113"
"7921745707282542027";"14076813763086182113"
"8359171229617065120";"14076813763086182113"
"1338324284491279446";"14076813763086182113"
"17639413805964011751";"14076813763086182113"
"6832678106496086468";"14076813763086182113"
"2972348273895499062";"14076813763086182113"
"14021284665537246694";"14076813763086182113"
"11489977253280580914";"14076813763086182113"
"17650942360789263886";"14076813763086182113"
"15323439943192696282";"14076813763086182113"
"11803723084715405625";"14076813763086182113"
"14240897574619490966";"14076813763086182113"
"17023635652392661635";"14076813763086182113"
"9874849163164601312";"14076813763086182113"
"3359450066048421005";"14076813763086182113"
"14887108541518063384";"14076813763086182113"
"5702427168907808067";"14076813763086182113"
"17716582720874364891";"14076813763086182113"
"7494839026453697791";"14076813763086182113"
"101501567332837562";"14076813763086182113"
"2405662565020222025";"14076813763086182113"
"3079711922877189918";"14076813763086182113"
"16489894180590788502";"14076813763086182113"
"12709122102225499011";"14076813763086182113"
"6501272932958274605";"14076813763086182113"
"16917604441939178476";"14076813763086182113"
"14304722624919694009";"14076813763086182113"
"17805684585898938751";"14076813763086182113"
"10154403407280430687";"14076813763086182113"
"16494379557815727840";"14076813763086182113"
"6350583963519574486";"14076813763086182113"
"15149170176334017512";"14076813763086182113"
"5554947216056875871";"14076813763086182113"
"12250336287272836959";"14076813763086182113"
"5530685474400728586";"14076813763086182113"
"3379972195322941004";"14076813763086182113"
"17039409856646271161";"14076813763086182113"
"16302595158306499514";"14076813763086182113"
"12032104440035000112";"14076813763086182113"
"4971907288620728451";"14076813763086182113"
"14649083002551149363";"14076813763086182113"
"3261439041228637539";"14076813763086182113"
"2261385993272303485";"14076813763086182113"
"10943077235704681386";"14076813763086182113"
"5010245919132039916";"14076813763086182113"
"11451834802593841256";"14076813763086182113"
"10236731101359627646";"14076813763086182113"
"2459954252893308989";"14076813763086182113"
"6340824056807241830";"14076813763086182113"
"8973291906287108175";"14076813763086182113"
"13900745906840579933";"14076813763086182113"
"6326885635510263453";"14076813763086182113"
"2217524277177645639";"14076813763086182113"
"7932134543616709239";"14076813763086182113"
"17147128867061493724";"14076813763086182113"
"12831521509474746283";"14076813763086182113"
"11123868522468535559";"14076813763086182113"
"16361812763073923451";"14076813763086182113"
"15511678927375378075";"14076813763086182113"
"4279375819334318837";"14076813763086182113"
"9686918189707803910";"14076813763086182113"
"15351038972817007732";"14076813763086182113"
"5006951417742722090";"14076813763086182113"
"10560014976630764495";"14076813763086182113"
"17844794514209426049";"14076813763086182113"
"3660769877277087619";"14076813763086182113"
"6323079239057081410";"14076813763086182113"
"6531918595934653913";"14076813763086182113"
"12462528623044443927";"14076813763086182113"
"1401029746045250594";"14076813763086182113"
"5080941923014576834";"14076813763086182113"
"3765244354549045554";"14076813763086182113"
"282189749153445100";"14076813763086182113"
"18424502775402081143";"14076813763086182113"
"261874713776963005";"14076813763086182113"
"18004790457725487848";"14076813763086182113"
"12529051744640195623";"14076813763086182113"
"7628425584529294875";"14076813763086182113"
"8719305892693475817";"14076813763086182113"
"4187800416266320558";"14076813763086182113"
"18192143895312608568";"14076813763086182113"
"2805655697261330781";"14076813763086182113"
"83114926690122360";"14076813763086182113"
"4292030652921305372";"14076813763086182113"
"5506027302791674521";"14076813763086182113"
"145239191936196699";"14076813763086182113"
"12226032928973572401";"14076813763086182113"
"11098606451951346793";"14076813763086182113"
"3455979345113663040";"14076813763086182113"
"11633274582084619724";"14076813763086182113"
"10876086658561543554";"14076813763086182113"
"2089003395743062167";"14076813763086182113"
"5548496051874265253";"14076813763086182113"
"2177064480741829152";"14076813763086182113"
"15651312343081685572";"14076813763086182113"
"12403565675771793634";"14076813763086182113"
"16209783600884270169";"14076813763086182113"
"6598761863953795699";"14076813763086182113"
"1843117818016935750";"14076813763086182113"
"10539868529763627619";"14076813763086182113"
"9608404776018442798";"14076813763086182113"
"2519596602637761124";"14076813763086182113"
"4345866550673263848";"14076813763086182113"
"3347925663082278986";"14076813763086182113"
"16613580909956490028";"14076813763086182113"
"84056195395910379";"14076813763086182113"
"10084816783150914964";"14076813763086182113"
"17928811633380323080";"14076813763086182113"
"2351952344882927442";"14076813763086182113"
"5975279872844278122";"14076813763086182113"
"9795209035241328543";"14076813763086182113"
"2813615288047146375";"14076813763086182113"
"2279905566802284208";"14076813763086182113"
"18357842061381944955";"14076813763086182113"
"13751785979513628642";"14076813763086182113"
"7577263251081359104";"14076813763086182113"
"13995075419759992049";"14076813763086182113"
"10767196972685946118";"14076813763086182113"
"16342971796579002812";"14076813763086182113"
"15851496051619700075";"14076813763086182113"
"4125589339586189339";"14076813763086182113"
"12539647828859134290";"14076813763086182113"
"8324251033002996034";"14076813763086182113"
"17938405729409062811";"14076813763086182113"
"15065258351903102788";"14076813763086182113"
"14028481574570713479";"14076813763086182113"
"2653266406362318671";"14076813763086182113"
"11238323547700205165";"14076813763086182113"
"942873715629299612";"14076813763086182113"
"6947648988396881071";"14076813763086182113"
"11803007516090720268";"14076813763086182113"
"16897253438932750681";"14076813763086182113"
"12118699033937494413";"14076813763086182113"
"3373484689632991602";"14076813763086182113"
"8558730336166705525";"14076813763086182113"
"12583491699565070163";"14076813763086182113"
"5838146385071700090";"14076813763086182113"
"9206765358024360858";"14076813763086182113"
"5632019938379896528";"14076813763086182113"
"13944026569186858900";"14076813763086182113"
"12850972358719296280";"14076813763086182113"
"5283539418898972421";"14076813763086182113"
"3074308612730911350";"14076813763086182113"
"12536333045481999102";"14076813763086182113"
"6659287284860196368";"14076813763086182113"
"7872580882518227464";"14076813763086182113"
"3330923627007013505";"14076813763086182113"
"10417331419522476980";"14076813763086182113"
"12736903876268204120";"14076813763086182113"
"18334909513922654983";"14076813763086182113"
"12357130803814274167";"14076813763086182113"
"17247499007776854191";"14076813763086182113"
"14671533869359684436";"14076813763086182113"
"16582394654995100116";"14076813763086182113"
"2371822773635576405";"14076813763086182113"
"16472661502495064671";"14076813763086182113"
"12532435056224091564";"14076813763086182113"
"8788037477344501521";"14076813763086182113"
"16061006615600998228";"14076813763086182113"
"17674629165063007177";"14076813763086182113"
"18089388196215053822";"14076813763086182113"
"2954186552275449722";"14076813763086182113"
"12765987891180037830";"14076813763086182113"
"4730577727927410853";"14076813763086182113"
"5500856462835690846";"14076813763086182113"
"7264428541554696341";"14076813763086182113"
"463248521069761683";"14076813763086182113"
"4416954974665468379";"14076813763086182113"
"9916476091866159410";"14076813763086182113"
"7348515279834953258";"14076813763086182113"
"16993073603116381077";"14076813763086182113"
"10599066964542589782";"14076813763086182113"
"15747578873950853728";"14076813763086182113"
"3733389401842481885";"14076813763086182113"
"14459000786429052767";"14076813763086182113"
"3606624084514550174";"14076813763086182113"
"5179843714836450078";"14076813763086182113"
"6941726265882333800";"14076813763086182113"
"5830038587939999829";"14076813763086182113"
"9594936094780669460";"14076813763086182113"
"5248592585527624791";"14076813763086182113"
"5755843955451049423";"14076813763086182113"
"8899703639439919897";"14076813763086182113"
"12417843090480353654";"14076813763086182113"
"2063187037768964328";"14076813763086182113"
"10612916858031509698";"14076813763086182113"
"15208980306281849226";"14076813763086182113"
"14813536291430739313";"14076813763086182113"
"1364467601247456241";"14076813763086182113"
"11880354638790596840";"14076813763086182113"
"9789302880417315338";"14076813763086182113"
"9502949951467470210";"14076813763086182113"
"9323316376498787318";"14076813763086182113"
"15098792254564852579";"14076813763086182113"
"6774325359714622089";"14076813763086182113"
"8358008926070647452";"14076813763086182113"
"10252998663392501220";"14076813763086182113"
"17960752244380014570";"14076813763086182113"
"17249863664147333646";"14076813763086182113"
"7877065698146758025";"14076813763086182113"
"17472389877661561235";"14076813763086182113"
"16631148684088502132";"14076813763086182113"
"4883874535606961951";"14076813763086182113"
"4027140975034700847";"14076813763086182113"
"3158170809067129655";"14076813763086182113"
"16311983327192715595";"14076813763086182113"
"2391555268192930856";"14076813763086182113"
"15724699623434514257";"14076813763086182113"
"883839067180333103";"14076813763086182113"
"3390464579223854442";"14076813763086182113"
"218918015869717477";"14076813763086182113"
"4233922086774868287";"14076813763086182113"
"905984627679083570";"14076813763086182113"
"11180448773691402421";"14076813763086182113"
"11332307612202847807";"14076813763086182113"
"12847690094621710268";"14076813763086182113"
"12843105864235501510";"14076813763086182113"
"13434077718386036180";"14076813763086182113"
"14073369209516321";"14076813763086182113"
"5045531049412143094";"14076813763086182113"
"9320233812217988569";"14076813763086182113"
"8998328549880375187";"14076813763086182113"
"11808878547184286600";"14076813763086182113"
"9742633677374809407";"14076813763086182113"
"16314068214363319064";"14076813763086182113"
"13709152364353036637";"14076813763086182113"
"17257825516166757860";"14076813763086182113"
"10769106589359593712";"14076813763086182113"
"5179559630664309014";"14076813763086182113"
"13027703845541559140";"14076813763086182113"
"14673186810236770681";"14076813763086182113"
"18381136683410567881";"14076813763086182113"
"7258508640434305144";"14076813763086182113"
"17022090918232017339";"14076813763086182113"
"6565515982421209861";"14076813763086182113"
"6966288179168432991";"14076813763086182113"
"14494334608069493150";"14076813763086182113"
"10321191914610607166";"14076813763086182113"
"11229305260279726083";"14076813763086182113"
"12038758566647445307";"14076813763086182113"
"1881305395109091296";"14076813763086182113"
"16356273879908709959";"14076813763086182113"
"13391996838262139650";"14076813763086182113"
"11003105087962248492";"14076813763086182113"
"15102555774517232296";"14076813763086182113"
"16888021206842031193";"14076813763086182113"
"6762083561025511460";"14076813763086182113"
"17465387847736203735";"14076813763086182113"
"915530569368439538";"14076813763086182113"
"1771233237574028775";"14076813763086182113"
"9423388602518000793";"14076813763086182113"
"18315949041633527978";"14076813763086182113"
"17759000614145633063";"14076813763086182113"
"13795181157191752107";"14076813763086182113"
"17857180212309527102";"14076813763086182113"
"15052202819760620553";"14076813763086182113"
"16728720847321271491";"14076813763086182113"
"18335717849769773748";"14076813763086182113"
"897489831167575737";"14076813763086182113"
"1437966701055424636";"14076813763086182113"
"15116351259813522847";"14076813763086182113"
"15570607843963218505";"14076813763086182113"
"5252168188906317453";"14076813763086182113"
"2426206721559545025";"14076813763086182113"
"12270204889524855658";"14076813763086182113"
"6796916377379758072";"14076813763086182113"
"11402179248486230279";"14076813763086182113"
"8589424404390004523";"14076813763086182113"
"6260763130745493468";"14076813763086182113"
"10834881732979914945";"14076813763086182113"
"12020778483583574457";"14076813763086182113"
"13617820110580740089";"14076813763086182113"
"11318204746182236071";"14076813763086182113"
"8755552159195317092";"14076813763086182113"
"18056506769989392248";"14076813763086182113"
"6988238588340758216";"14076813763086182113"
"16533901794897370794";"14076813763086182113"
"7720366739779212973";"14076813763086182113"
"5128590024806382233";"14076813763086182113"
"5239718995068038127";"14076813763086182113"
"17236707658956392915";"14076813763086182113"
"3943048285883782735";"14076813763086182113"
"13535983015481639536";"14076813763086182113"
"17246159877931004882";"14076813763086182113"
"12718015410487796295";"14076813763086182113"
"3601804849356075385";"14076813763086182113"
"1512022654583051210";"14076813763086182113"
"12726638596013990131";"14076813763086182113"
"15833768585690300016";"14076813763086182113"
"15652515455769631948";"14076813763086182113"
"5390412522313855487";"14076813763086182113"
"3683599190482964208";"14076813763086182113"
"1703524507628173806";"14076813763086182113"
"9424694252712965000";"14076813763086182113"
"17855790239425680189";"14076813763086182113"
"16507691421450617795";"14076813763086182113"
"897965780625374312";"14076813763086182113"
"756569716797883024";"14076813763086182113"
"12568859484435886170";"14076813763086182113"
"3761651776560118322";"14076813763086182113"
"4533609294629689269";"14076813763086182113"
"1241263756689387499";"14076813763086182113"
"10255510308055896604";"14076813763086182113"
"6940086986244426608";"14076813763086182113"
"15366439471520440675";"14076813763086182113"
"15617318168182479049";"14076813763086182113"
"627099191862468493";"14076813763086182113"
"4494751052448672845";"14076813763086182113"
"8959362739606679750";"14076813763086182113"
"12157419461623640033";"14076813763086182113"
"6572107464583521567";"14076813763086182113"
"3130507227800132813";"14076813763086182113"
"11974460959060147857";"14076813763086182113"
"18404972844997287181";"14076813763086182113"
"14254822676884780828";"14076813763086182113"
"15162573239171140294";"14076813763086182113"
"603800089071683018";"14076813763086182113"
"6294332309950803505";"14076813763086182113"
"12262179666113882385";"14076813763086182113"
"13465995446639460526";"14076813763086182113"
"5414143715670550495";"14076813763086182113"
"4257878683330734816";"14076813763086182113"
"13239897867642459818";"14076813763086182113"
"14724626363908127160";"14076813763086182113"
"1989682778474673393";"14076813763086182113"
"18382481961719757602";"14076813763086182113"
"17398736800887184653";"14076813763086182113"
"11747794471966113693";"14076813763086182113"
"10399462112076496950";"14076813763086182113"
"13098605102017419041";"14076813763086182113"
"10923556567072393318";"14076813763086182113"
"9013258549442060398";"14076813763086182113"
"797081328607122475";"14076813763086182113"
"12557480294518159684";"14076813763086182113"
"16667447084301903751";"14076813763086182113"
"10136311584105713739";"14076813763086182113"
"15410409358579661165";"14076813763086182113"
"789075002504346722";"14076813763086182113"
"8753919607741772049";"14076813763086182113"
"2157466996657261800";"14076813763086182113"
"11202414423421145676";"14076813763086182113"
"13672668491634583134";"14076813763086182113"
"8427006787813576111";"14076813763086182113"
"12185612676779104128";"14076813763086182113"
"12321539497992024257";"14076813763086182113"
"14923660893299915824";"14076813763086182113"
"5085197829083618165";"14076813763086182113"
"12230126136055659968";"14076813763086182113"
"1112433177070233385";"14076813763086182113"
"15469368333395374466";"14076813763086182113"
"6109981052367960169";"14076813763086182113"
"6538284224533943858";"14076813763086182113"
"17650400226421612240";"14076813763086182113"
"7961901239990566560";"14076813763086182113"
"8731541104496152974";"14076813763086182113"
"4738712487875725128";"14076813763086182113"
"240785460209985382";"14076813763086182113"
"12867410608117947322";"14076813763086182113"
"14775935887543947506";"14076813763086182113"
"11900411840485566511";"14076813763086182113"
"18188614041737351831";"14076813763086182113"
"6002454166433963538";"14076813763086182113"
"11270041879574310446";"14076813763086182113"
"7455729469039359677";"14076813763086182113"
"8805675926678527805";"14076813763086182113"
"3742041853948247605";"14076813763086182113"
"4325728158634542607";"14076813763086182113"
"16337344997978074496";"14076813763086182113"
"14866801870865829480";"14076813763086182113"
"1120725501041768097";"14076813763086182113"
"12042693486279466949";"14076813763086182113"
"18005090578544648484";"14076813763086182113"
"8984028858036164230";"14076813763086182113"
"3674317063990777374";"14076813763086182113"
"15085491915334996379";"14076813763086182113"
"3576683688039906214";"14076813763086182113"
"17922921916391096226";"14076813763086182113"
"4348995440593631650";"14076813763086182113"
"10767053289124151641";"14076813763086182113"
"17082413120856104412";"14076813763086182113"
"13060225787683427699";"14076813763086182113"
"6705263385156510654";"14076813763086182113"
"18245355031973831108";"14076813763086182113"
"1088857529242324539";"14076813763086182113"
"8778050414197549348";"14076813763086182113"
"16312101013208214480";"14076813763086182113"
"17093454073997649639";"14076813763086182113"
"3244364335856625328";"14076813763086182113"
"4900898631632116666";"14076813763086182113"
"11679691421112050032";"14076813763086182113"
"10909441402322797154";"14076813763086182113"
"7621490785663356631";"14076813763086182113"
"7472509795619372135";"14076813763086182113"
"15694521232550292217";"14076813763086182113"
"6846054371099778823";"14076813763086182113"
"9613250721265225339";"14076813763086182113"
"1137457492160516206";"14076813763086182113"
"8710079432300452175";"14076813763086182113"
"7913434944211763602";"14076813763086182113"
"2927269848954488514";"14076813763086182113"
"15432105487844664331";"14076813763086182113"
"1281849239106390139";"14076813763086182113"
"14747613988654897471";"14076813763086182113"
"6491189493766376243";"14076813763086182113"
"16577363134876960776";"14076813763086182113"
"15872619268580880940";"14076813763086182113"
"5905368163642190787";"14076813763086182113"
"5902429847619389150";"14076813763086182113"
"12142089035633928090";"14076813763086182113"
"9934939910542256227";"14076813763086182113"
"15916066071164198025";"14076813763086182113"
"10636843658156159963";"14076813763086182113"
"8810253528982092806";"14076813763086182113"
"6877797517213807509";"14076813763086182113"
"9243418356311459718";"14076813763086182113"
"387586641933993897";"14076813763086182113"
"15071293061277630706";"14076813763086182113"
"5140227155606675894";"14076813763086182113"
"2101103070438633626";"14076813763086182113"
"2624993804406410026";"14076813763086182113"
"17200567838037966266";"14076813763086182113"
"9300768727073642757";"14076813763086182113"
"644303585473251385";"14076813763086182113"
"3485577420125076221";"14076813763086182113"
"12691981151523768293";"14076813763086182113"
"5077325907034871094";"14076813763086182113"
"8820255289486216438";"14076813763086182113"
"496844661050892226";"14076813763086182113"
"3859925473326776049";"14076813763086182113"
"10631596045519500787";"14076813763086182113"
"12318743948916758517";"14076813763086182113"
"17084741527560476977";"14076813763086182113"
"7089751201274881257";"14076813763086182113"
"2576280319563175909";"14076813763086182113"
"17340716422437421143";"14076813763086182113"
"11382471682694027125";"14076813763086182113"
"10857668696884390173";"14076813763086182113"
"16341983557701527148";"14076813763086182113"
"10057381206872380279";"14076813763086182113"
"7335385353786481308";"14076813763086182113"
"2134127687524869733";"14076813763086182113"
"1866310605289262467";"14076813763086182113"
"14065044095420272208";"14076813763086182113"
"469098904041282903";"14076813763086182113"
"17050633507025838238";"14076813763086182113"
"5464318232214916885";"14076813763086182113"
"9450518302574245643";"14076813763086182113"
"13755559953515497263";"14076813763086182113"
"13833883709459047120";"14076813763086182113"
"10543764783526268391";"14076813763086182113"
"17049958120771622728";"14076813763086182113"
"14563083663060638116";"14076813763086182113"
"15035768728264044315";"14076813763086182113"
"15669650125534391172";"14076813763086182113"
"7032154731357652358";"14076813763086182113"
"1235319778381219032";"14076813763086182113"
"20480141113794204";"14076813763086182113"
"8614065979556398959";"14076813763086182113"
"11790832488174486563";"14076813763086182113"
"1002539228646412998";"14076813763086182113"
"10321723101169157405";"14076813763086182113"
